Code,Academic Year,Degree,same_as_wikidata_degree,DegreeID,UniversityID,AcademicLevelID,AmbitID
2502384,2024-2025,business administration and management,https://wikidata.org/entity/Q8188423,7af5de80668f943e19a412c97b342a37,d30bbd19fa77d8470334a259e060006e,d6d85d89b4612501521435bd3f620a9a,03b7c4d6f22bd8efa1659d8e6a06d97e
2501469,2024-2025,social anthropology,https://wikidata.org/entity/Q29051,a02b2ab27d1a895fe30e7b008a1358d8,d30bbd19fa77d8470334a259e060006e,d6d85d89b4612501521435bd3f620a9a,03b7c4d6f22bd8efa1659d8e6a06d97e
2501644,2024-2025,technical architecture,https://wikidata.org/entity/Q2860371,2c5184030b7d15e054458cafa167bebf,d30bbd19fa77d8470334a259e060006e,d6d85d89b4612501521435bd3f620a9a,0957ac6a7296b4e6ef4d4e8d25691025
2501460,2024-2025,art,https://wikidata.org/entity/Q735,b643b3c8f97bae48a1110d707ab79338,d30bbd19fa77d8470334a259e060006e,d6d85d89b4612501521435bd3f620a9a,72ceb55b13672d5fdbac7ce07f1e85a8
2501463,2024-2025,biology,https://wikidata.org/entity/Q420,cc9f6243af9cb77ca16147f3cc14dfa9,d30bbd19fa77d8470334a259e060006e,d6d85d89b4612501521435bd3f620a9a,cca488c1d5d31aa9a4c4356b47f75ebd
2504556,2024-2025,biomedical engineering,https://wikidata.org/entity/Q327092,3c3263722f02920f33a8a6d0f2714c75,d30bbd19fa77d8470334a259e060006e,d6d85d89b4612501521435bd3f620a9a,0957ac6a7296b4e6ef4d4e8d25691025
2501464,2024-2025,Bioquímica y Biología Molecular,,3543f668b0527aeae2c7a6bdf6468825,d30bbd19fa77d8470334a259e060006e,d6d85d89b4612501521435bd3f620a9a,cca488c1d5d31aa9a4c4356b47f75ebd
2501465,2024-2025,biotechnology,https://wikidata.org/entity/Q7108,ae896ec8a1d5e905779ffd31ec7ba399,d30bbd19fa77d8470334a259e060006e,d6d85d89b4612501521435bd3f620a9a,cca488c1d5d31aa9a4c4356b47f75ebd
2501470,2024-2025,Ciencia Política y Gestión Pública,,0d99177b4f75ae270f6d0db174280dc8,d30bbd19fa77d8470334a259e060006e,d6d85d89b4612501521435bd3f620a9a,03b7c4d6f22bd8efa1659d8e6a06d97e
2501466,2024-2025,food technology,https://wikidata.org/entity/Q1039642,d6de7b5bf75c1c18e5e97b63764927b4,d30bbd19fa77d8470334a259e060006e,d6d85d89b4612501521435bd3f620a9a,cca488c1d5d31aa9a4c4356b47f75ebd
2501467,2024-2025,environmental science,https://wikidata.org/entity/Q188847,f06105b9dac340abc15340160be59c79,d30bbd19fa77d8470334a259e060006e,d6d85d89b4612501521435bd3f620a9a,cca488c1d5d31aa9a4c4356b47f75ebd
2501471,2024-2025,sports science,https://wikidata.org/entity/Q1298380,4ca8a9c3feafe0836f246be5fa83bdbb,d30bbd19fa77d8470334a259e060006e,d6d85d89b4612501521435bd3f620a9a,03b7c4d6f22bd8efa1659d8e6a06d97e
2501472,2024-2025,audiovisual communication,https://wikidata.org/entity/Q3755147,5bc29df3d2a152e35a2df334ea24c611,d30bbd19fa77d8470334a259e060006e,d6d85d89b4612501521435bd3f620a9a,03b7c4d6f22bd8efa1659d8e6a06d97e
2501461,2024-2025,Conservación y Restauración de Bienes Culturales,,5b1e812f02591505f9731d060ed13aa0,d30bbd19fa77d8470334a259e060006e,d6d85d89b4612501521435bd3f620a9a,3a55b686cea34a8923b6ea395549772e
2501462,2024-2025,Creación y Diseño,,be72a17c792b3d60b582b42c20fff1c7,d30bbd19fa77d8470334a259e060006e,d6d85d89b4612501521435bd3f620a9a,72ceb55b13672d5fdbac7ce07f1e85a8
2501473,2024-2025,criminology,https://wikidata.org/entity/Q161733,221d89cb0a461ab9316e01549ad6de80,d30bbd19fa77d8470334a259e060006e,d6d85d89b4612501521435bd3f620a9a,03b7c4d6f22bd8efa1659d8e6a06d97e
2501637,2024-2025,law degree,https://wikidata.org/entity/Q4115013,fae6f323ec9b55fb3619003da67fab15,d30bbd19fa77d8470334a259e060006e,d6d85d89b4612501521435bd3f620a9a,03b7c4d6f22bd8efa1659d8e6a06d97e
2501638,2024-2025,economics,https://wikidata.org/entity/Q8134,db3db9bec3b50e87f48831600cb11c84,d30bbd19fa77d8470334a259e060006e,d6d85d89b4612501521435bd3f620a9a,03b7c4d6f22bd8efa1659d8e6a06d97e
2501639,2024-2025,Educación Infantil,,3ce4e78ea86f8d8c6e0a080bbc70e7ce,d30bbd19fa77d8470334a259e060006e,d6d85d89b4612501521435bd3f620a9a,03b7c4d6f22bd8efa1659d8e6a06d97e
2501640,2024-2025,Bachelor of Teaching,https://wikidata.org/entity/Q64688824,8c346a378e8f562b3d5d96f24ea55936,d30bbd19fa77d8470334a259e060006e,d6d85d89b4612501521435bd3f620a9a,03b7c4d6f22bd8efa1659d8e6a06d97e
2502024,2024-2025,social pedagogy,https://wikidata.org/entity/Q1572493,0c6f43f60288f0d7e1de75bf5e9d50ca,d30bbd19fa77d8470334a259e060006e,d6d85d89b4612501521435bd3f620a9a,03b7c4d6f22bd8efa1659d8e6a06d97e
2502012,2024-2025,Bachelor of Science in Nursing,https://wikidata.org/entity/Q4838827,40314ccd60eeddc24c8a2f0580984a78,d30bbd19fa77d8470334a259e060006e,d6d85d89b4612501521435bd3f620a9a,afc4b5d3b7e78e8fb66cf859c95aaefe
2501392,2024-2025,English studies,https://wikidata.org/entity/Q27968,490cdb08d36765607545bbbae86fe819,d30bbd19fa77d8470334a259e060006e,d6d85d89b4612501521435bd3f620a9a,72ceb55b13672d5fdbac7ce07f1e85a8
2501393,2024-2025,Estudios Vascos,,b0ee6739eefbe092c24fc1453e607fb5,d30bbd19fa77d8470334a259e060006e,d6d85d89b4612501521435bd3f620a9a,72ceb55b13672d5fdbac7ce07f1e85a8
2501468,2024-2025,pharmacy,https://wikidata.org/entity/Q614304,a1be9494198057d1a04c9b2b6ac489bf,d30bbd19fa77d8470334a259e060006e,d6d85d89b4612501521435bd3f620a9a,afc4b5d3b7e78e8fb66cf859c95aaefe
2502385,2024-2025,philology,https://wikidata.org/entity/Q40634,2d6011731d1abbac5ee9b4bcfb241d44,d30bbd19fa77d8470334a259e060006e,d6d85d89b4612501521435bd3f620a9a,72ceb55b13672d5fdbac7ce07f1e85a8
2501394,2024-2025,philosophy,https://wikidata.org/entity/Q5891,33d89530bafeae6b865378ea53c7857d,d30bbd19fa77d8470334a259e060006e,d6d85d89b4612501521435bd3f620a9a,72ceb55b13672d5fdbac7ce07f1e85a8
2502387,2024-2025,finance,https://wikidata.org/entity/Q43015,c0aa2b089e45917fa31ec43926768954,d30bbd19fa77d8470334a259e060006e,d6d85d89b4612501521435bd3f620a9a,03b7c4d6f22bd8efa1659d8e6a06d97e
2502388,2024-2025,Fiscalidad y Administración Pública,,fabca7e2eee31d881310e5ece71a31d8,d30bbd19fa77d8470334a259e060006e,d6d85d89b4612501521435bd3f620a9a,03b7c4d6f22bd8efa1659d8e6a06d97e
2502389,2024-2025,physics,https://wikidata.org/entity/Q413,5d11d3b5786b59cb51a7c46318efcac9,d30bbd19fa77d8470334a259e060006e,d6d85d89b4612501521435bd3f620a9a,cca488c1d5d31aa9a4c4356b47f75ebd
2502552,2024-2025,physiotherapy,https://wikidata.org/entity/Q186005,2a4ea77a8aa6e2e5cfaf776fd0240a3d,d30bbd19fa77d8470334a259e060006e,d6d85d89b4612501521435bd3f620a9a,afc4b5d3b7e78e8fb66cf859c95aaefe
2502739,2024-2025,architecture,https://wikidata.org/entity/Q12271,e39871287375ef9220828806d35538de,d30bbd19fa77d8470334a259e060006e,d6d85d89b4612501521435bd3f620a9a,0957ac6a7296b4e6ef4d4e8d25691025
2501474,2024-2025,Geografía y Ordenación del Territorio,,e75ee83efeaf1241fea783972e472b3e,d30bbd19fa77d8470334a259e060006e,d6d85d89b4612501521435bd3f620a9a,03b7c4d6f22bd8efa1659d8e6a06d97e
2501634,2024-2025,geology,https://wikidata.org/entity/Q1069,ee8eb870055bd031d2eba68896a0c6bc,d30bbd19fa77d8470334a259e060006e,d6d85d89b4612501521435bd3f620a9a,cca488c1d5d31aa9a4c4356b47f75ebd
2502390,2024-2025,business school,https://wikidata.org/entity/Q1143635,fa76fc56659604d5e63054ab597744f0,d30bbd19fa77d8470334a259e060006e,d6d85d89b4612501521435bd3f620a9a,03b7c4d6f22bd8efa1659d8e6a06d97e
2502026,2024-2025,Gestión y Marketing Empresarial,,8f40db8427d664cf5f37da6805f62d1f,d30bbd19fa77d8470334a259e060006e,d6d85d89b4612501521435bd3f620a9a,03b7c4d6f22bd8efa1659d8e6a06d97e
2501395,2024-2025,history of art,https://wikidata.org/entity/Q50641,aef732709c2ae8210cd63162a62482df,d30bbd19fa77d8470334a259e060006e,d6d85d89b4612501521435bd3f620a9a,72ceb55b13672d5fdbac7ce07f1e85a8
2501633,2024-2025,Historia,,093499dcb16400e1ae810550ef9388ea,d30bbd19fa77d8470334a259e060006e,d6d85d89b4612501521435bd3f620a9a,72ceb55b13672d5fdbac7ce07f1e85a8
2502028,2024-2025,environmental engineering,https://wikidata.org/entity/Q146326,fa6fe7702df69bf8784d944e0df512a7,d30bbd19fa77d8470334a259e060006e,d6d85d89b4612501521435bd3f620a9a,0957ac6a7296b4e6ef4d4e8d25691025
2502030,2024-2025,civil engineering,https://wikidata.org/entity/Q77590,2ab17099cce377c06821963ff4c829a7,d30bbd19fa77d8470334a259e060006e,d6d85d89b4612501521435bd3f620a9a,0957ac6a7296b4e6ef4d4e8d25691025
2502551,2024-2025,Ingeniería de Energías Renovables,,a7dfebb51c045f62dd9609ccc6a9d0a7,d30bbd19fa77d8470334a259e060006e,d6d85d89b4612501521435bd3f620a9a,0957ac6a7296b4e6ef4d4e8d25691025
2501643,2024-2025,Ingeniería de Tecnología de Minas y Energía,,a5ade9ad2c3b0d42ded6a526cd307716,d30bbd19fa77d8470334a259e060006e,d6d85d89b4612501521435bd3f620a9a,0957ac6a7296b4e6ef4d4e8d25691025
2502391,2024-2025,electrical engineering,https://wikidata.org/entity/Q43035,0f0fdf3a819deb153fa93bd248dcb25f,d30bbd19fa77d8470334a259e060006e,d6d85d89b4612501521435bd3f620a9a,0957ac6a7296b4e6ef4d4e8d25691025
2502393,2024-2025,Ingeniería Electrónica Industrial y Automática,,94788ef73d09aa18e509a9f39988367c,d30bbd19fa77d8470334a259e060006e,d6d85d89b4612501521435bd3f620a9a,0957ac6a7296b4e6ef4d4e8d25691025
2502392,2024-2025,electronic engineering,https://wikidata.org/entity/Q126095,1049bdcae6ea1aecedb5e152ba13b090,d30bbd19fa77d8470334a259e060006e,d6d85d89b4612501521435bd3f620a9a,0957ac6a7296b4e6ef4d4e8d25691025
2503515,2024-2025,Ingeniería en Automoción,,2653b2f539281e4a03c37a6c9f4bbdbb,d30bbd19fa77d8470334a259e060006e,d6d85d89b4612501521435bd3f620a9a,0957ac6a7296b4e6ef4d4e8d25691025
2501528,2024-2025,Ingeniería en Geomática y Topografía,,70ac5d756a3b28293653031e14f8f983,d30bbd19fa77d8470334a259e060006e,d6d85d89b4612501521435bd3f620a9a,0957ac6a7296b4e6ef4d4e8d25691025
2502751,2024-2025,Ingeniería en Innovación de Procesos y Productos,,c3c76f16b9807c5e553dadd1b8cf6bd3,d30bbd19fa77d8470334a259e060006e,d6d85d89b4612501521435bd3f620a9a,0957ac6a7296b4e6ef4d4e8d25691025
2501645,2024-2025,industrial engineering and management,https://wikidata.org/entity/Q6314146,8e60c8ea9d9f0dcf40954e8e67e5662f,d30bbd19fa77d8470334a259e060006e,d6d85d89b4612501521435bd3f620a9a,0957ac6a7296b4e6ef4d4e8d25691025
2501646,2024-2025,Ingeniería en Tecnología de Telecomunicación,,0d7fb37a51f42dde5c728769e0fc0439,d30bbd19fa77d8470334a259e060006e,d6d85d89b4612501521435bd3f620a9a,0957ac6a7296b4e6ef4d4e8d25691025
2501647,2024-2025,industrial engineering,https://wikidata.org/entity/Q4489420,516369334ae4fd090849b2ec19ee3671,d30bbd19fa77d8470334a259e060006e,d6d85d89b4612501521435bd3f620a9a,0957ac6a7296b4e6ef4d4e8d25691025
2502031,2024-2025,Ingeniería Informática de Gestión y Sistemas de Información,,74cad6192df46ac52ea4157ec57f4d77,d30bbd19fa77d8470334a259e060006e,d6d85d89b4612501521435bd3f620a9a,0957ac6a7296b4e6ef4d4e8d25691025
2502394,2024-2025,computer engineering,https://wikidata.org/entity/Q428691,ab7823390593841765a893ee07656cbc,d30bbd19fa77d8470334a259e060006e,d6d85d89b4612501521435bd3f620a9a,0957ac6a7296b4e6ef4d4e8d25691025
2502396,2024-2025,mechanical engineering,https://wikidata.org/entity/Q101333,1666aa0cda3fd212a4d64a9d3af51ffc,d30bbd19fa77d8470334a259e060006e,d6d85d89b4612501521435bd3f620a9a,0957ac6a7296b4e6ef4d4e8d25691025
2502032,2024-2025,Ingeniería Química Industrial,,ecc2e5ad769ef7a0a611730993176f3c,d30bbd19fa77d8470334a259e060006e,d6d85d89b4612501521435bd3f620a9a,cca488c1d5d31aa9a4c4356b47f75ebd
2502398,2024-2025,chemical engineering,https://wikidata.org/entity/Q83588,68de228545bad16f258802d63b77a45b,d30bbd19fa77d8470334a259e060006e,d6d85d89b4612501521435bd3f620a9a,cca488c1d5d31aa9a4c4356b47f75ebd
2504060,2024-2025,artificial intelligence,https://wikidata.org/entity/Q11660,0bb98f2b82ac7d7c1181fbb411f278ea,d30bbd19fa77d8470334a259e060006e,d6d85d89b4612501521435bd3f620a9a,0957ac6a7296b4e6ef4d4e8d25691025
1500197,2024-2025,speech-language pathology,https://wikidata.org/entity/Q33226,7ec32064ac2e94df85bdd2c6158466af,d30bbd19fa77d8470334a259e060006e,d6d85d89b4612501521435bd3f620a9a,3a55b686cea34a8923b6ea395549772e
2502395,2024-2025,Marina,,b1f9c9f3af3e2e12e9ad896f130e7075,d30bbd19fa77d8470334a259e060006e,d6d85d89b4612501521435bd3f620a9a,3a55b686cea34a8923b6ea395549772e
2502027,2024-2025,marketing,https://wikidata.org/entity/Q39809,ddc79f4f6fb85c7986ef41b20cf3e2e0,d30bbd19fa77d8470334a259e060006e,d6d85d89b4612501521435bd3f620a9a,03b7c4d6f22bd8efa1659d8e6a06d97e
2501635,2024-2025,mathematics,https://wikidata.org/entity/Q395,aee4f0866a7879d3f957bdd8ea1c9072,d30bbd19fa77d8470334a259e060006e,d6d85d89b4612501521435bd3f620a9a,cca488c1d5d31aa9a4c4356b47f75ebd
2502016,2024-2025,medicine,https://wikidata.org/entity/Q11190,5e4131abfdddafa29fe1d60414950bfc,d30bbd19fa77d8470334a259e060006e,d6d85d89b4612501521435bd3f620a9a,afc4b5d3b7e78e8fb66cf859c95aaefe
2502397,2024-2025,Náutica y Transporte Marítimo,,86b0ba0b28e1d65b73d2ffb235fee06e,d30bbd19fa77d8470334a259e060006e,d6d85d89b4612501521435bd3f620a9a,0957ac6a7296b4e6ef4d4e8d25691025
2502504,2024-2025,Nutrición Humana y Dietética,,811cd5fe54a1d3308235298e9ee4f0b8,d30bbd19fa77d8470334a259e060006e,d6d85d89b4612501521435bd3f620a9a,afc4b5d3b7e78e8fb66cf859c95aaefe
2502018,2024-2025,dentistry,https://wikidata.org/entity/Q12128,69d23d0b0194ca96c231d3af7c68c50d,d30bbd19fa77d8470334a259e060006e,d6d85d89b4612501521435bd3f620a9a,afc4b5d3b7e78e8fb66cf859c95aaefe
2501475,2024-2025,pedagogy,https://wikidata.org/entity/Q7922,bf0c18c8dee22d23ad80733eb2001739,d30bbd19fa77d8470334a259e060006e,d6d85d89b4612501521435bd3f620a9a,03b7c4d6f22bd8efa1659d8e6a06d97e
2501476,2024-2025,journalism,https://wikidata.org/entity/Q11030,b6a61a973abf0b90d2e090cea6d1724d,d30bbd19fa77d8470334a259e060006e,d6d85d89b4612501521435bd3f620a9a,03b7c4d6f22bd8efa1659d8e6a06d97e
2501636,2024-2025,psychology,https://wikidata.org/entity/Q9418,3f2d6f91442dc0c33c0d2d78d9a71aa1,d30bbd19fa77d8470334a259e060006e,d6d85d89b4612501521435bd3f620a9a,afc4b5d3b7e78e8fb66cf859c95aaefe
2501477,2024-2025,marketing,https://wikidata.org/entity/Q39809,97fc0edebae3bc56b9ac3e8abce20dd4,d30bbd19fa77d8470334a259e060006e,d6d85d89b4612501521435bd3f620a9a,03b7c4d6f22bd8efa1659d8e6a06d97e
2502505,2024-2025,chemistry,https://wikidata.org/entity/Q2329,9e1766901a32fa3d728923b4e39031c7,d30bbd19fa77d8470334a259e060006e,d6d85d89b4612501521435bd3f620a9a,cca488c1d5d31aa9a4c4356b47f75ebd
2501641,2024-2025,human resource management,https://wikidata.org/entity/Q1056396,805de6c781898489abfc352fbe5b6bd2,d30bbd19fa77d8470334a259e060006e,d6d85d89b4612501521435bd3f620a9a,03b7c4d6f22bd8efa1659d8e6a06d97e
2501478,2024-2025,Sociología,,1bd16a21320cb82b895f4e2c2ef6ab9f,d30bbd19fa77d8470334a259e060006e,d6d85d89b4612501521435bd3f620a9a,03b7c4d6f22bd8efa1659d8e6a06d97e
2501642,2024-2025,social work,https://wikidata.org/entity/Q205398,6c355d1e0053a7d28c597e5a1f73c38d,d30bbd19fa77d8470334a259e060006e,d6d85d89b4612501521435bd3f620a9a,03b7c4d6f22bd8efa1659d8e6a06d97e
2501396,2024-2025,translation and interpretation,https://wikidata.org/entity/Q11704681,f21bece9f1de74afeda956901e4b59a8,d30bbd19fa77d8470334a259e060006e,d6d85d89b4612501521435bd3f620a9a,72ceb55b13672d5fdbac7ce07f1e85a8
4313713,2024-2025,Abogacía y Procura,,c00c6e2470c6e7b3c950de25f39acbf6,d30bbd19fa77d8470334a259e060006e,eb0a191797624dd3a48fa681d3061212,03b7c4d6f22bd8efa1659d8e6a06d97e
4311616,2024-2025,Adquisición de Lenguas en Contextos Multilingües / Master in Language Acquisition in Multilingual Settings (LAMS),,f4595c1c129c4d8409cef2e347d7167d,d30bbd19fa77d8470334a259e060006e,eb0a191797624dd3a48fa681d3061212,3a55b686cea34a8923b6ea395549772e
4311618,2024-2025,forensic science,https://wikidata.org/entity/Q495304,d3eaaf7cb657126dcda8ae5a567e6477,d30bbd19fa77d8470334a259e060006e,eb0a191797624dd3a48fa681d3061212,afc4b5d3b7e78e8fb66cf859c95aaefe
4310238,2024-2025,Análisis y Procesamiento del Lenguaje/Hizkuntzaren Azterketa eta Prozesamendua,,3dec9c914399ea3f5137c620e9be8950,d30bbd19fa77d8470334a259e060006e,eb0a191797624dd3a48fa681d3061212,3a55b686cea34a8923b6ea395549772e
4314540,2024-2025,social anthropology,https://wikidata.org/entity/Q29051,66807bf8c37201430e3e3f01db501bbd,d30bbd19fa77d8470334a259e060006e,eb0a191797624dd3a48fa681d3061212,03b7c4d6f22bd8efa1659d8e6a06d97e
4315254,2024-2025,architecture,https://wikidata.org/entity/Q12271,681826210c58d25b39cd044212d95979,d30bbd19fa77d8470334a259e060006e,eb0a191797624dd3a48fa681d3061212,0957ac6a7296b4e6ef4d4e8d25691025
4313945,2024-2025,Arte Contemporáneo Tecnológico y Performativo,,654414c3b3f42f846a22ed6573b9431b,d30bbd19fa77d8470334a259e060006e,eb0a191797624dd3a48fa681d3061212,72ceb55b13672d5fdbac7ce07f1e85a8
4315255,2024-2025,Auditoría de Cuentas y Contabilidad Superior,,bac348fda9ce9f7381524ea902c05ca6,d30bbd19fa77d8470334a259e060006e,eb0a191797624dd3a48fa681d3061212,03b7c4d6f22bd8efa1659d8e6a06d97e
4311621,2024-2025,"Biodiversidad, Funcionamiento y Gestión de Ecosistemas",,751a8feb21b3872f2b731289b68d1f6b,d30bbd19fa77d8470334a259e060006e,eb0a191797624dd3a48fa681d3061212,cca488c1d5d31aa9a4c4356b47f75ebd
4311623,2024-2025,Calidad y Seguridad Alimentaria,,2c0c9797fe8571ca7bffd496d416e436,d30bbd19fa77d8470334a259e060006e,eb0a191797624dd3a48fa681d3061212,afc4b5d3b7e78e8fb66cf859c95aaefe
4312995,2024-2025,Cerámica: Arte y Función,,b067b0d38f6bfc561b265a84e7a69dc0,d30bbd19fa77d8470334a259e060006e,eb0a191797624dd3a48fa681d3061212,3a55b686cea34a8923b6ea395549772e
4312557,2024-2025,"Ciencia Cognitiva y Humanidades: Lenguaje, Comunicación y Organización",,279d72ed177dbbc23bc0c001118e0e4b,d30bbd19fa77d8470334a259e060006e,eb0a191797624dd3a48fa681d3061212,03b7c4d6f22bd8efa1659d8e6a06d97e
4312558,2024-2025,Ciencia y Tecnología Cuánticas,,8844ac0a6f9b3bc7d7173524c6bd712d,d30bbd19fa77d8470334a259e060006e,eb0a191797624dd3a48fa681d3061212,cca488c1d5d31aa9a4c4356b47f75ebd
4311624,2024-2025,spatial science,https://wikidata.org/entity/Q1870019,5b051399d14b59466f97e1f0634016a4,d30bbd19fa77d8470334a259e060006e,eb0a191797624dd3a48fa681d3061212,0957ac6a7296b4e6ef4d4e8d25691025
4316008,2024-2025,Ciencias Actuariales y Financieras,,36853b942b83ffb581480a43df125000,d30bbd19fa77d8470334a259e060006e,eb0a191797624dd3a48fa681d3061212,03b7c4d6f22bd8efa1659d8e6a06d97e
4312401,2024-2025,sports science,https://wikidata.org/entity/Q1298380,23d4429dde280d499bb253b99a189ac1,d30bbd19fa77d8470334a259e060006e,eb0a191797624dd3a48fa681d3061212,cca488c1d5d31aa9a4c4356b47f75ebd
4313946,2024-2025,Computación de Altas Prestaciones,,43a1d5274c900f3d604dec778d7aa25e,d30bbd19fa77d8470334a259e060006e,eb0a191797624dd3a48fa681d3061212,0957ac6a7296b4e6ef4d4e8d25691025
4311625,2024-2025,Comunicación Multimedia UPV/EHU - EITB / Multimedia Komunikazioa UPV/EHU-EITB,,54c0598e36f8a75fe7c03739f91ff0b7,d30bbd19fa77d8470334a259e060006e,eb0a191797624dd3a48fa681d3061212,03b7c4d6f22bd8efa1659d8e6a06d97e
4311903,2024-2025,social communication,https://wikidata.org/entity/Q6701907,5d840cd7d927d602e14dcdc4f59c42de,d30bbd19fa77d8470334a259e060006e,eb0a191797624dd3a48fa681d3061212,03b7c4d6f22bd8efa1659d8e6a06d97e
4313038,2024-2025,Conservación y Exhibición  de Arte Contemporáneo (CYXAC),,33e78ff0c0528cbe1da53ab35e07d77c,d30bbd19fa77d8470334a259e060006e,eb0a191797624dd3a48fa681d3061212,72ceb55b13672d5fdbac7ce07f1e85a8
4311627,2024-2025,Contaminación y Toxicología Ambientales,,3eeeda7280126b476c622ff62a51ac93,d30bbd19fa77d8470334a259e060006e,eb0a191797624dd3a48fa681d3061212,cca488c1d5d31aa9a4c4356b47f75ebd
4314676,2024-2025,Control en Redes Eléctricas Inteligentes y Generación Distribuida/Control in Smartgrids and Distributed Generation,,77065bc7b34bd4d077f737ae72765d8c,d30bbd19fa77d8470334a259e060006e,eb0a191797624dd3a48fa681d3061212,0957ac6a7296b4e6ef4d4e8d25691025
4311628,2024-2025,Cuaternario: Cambios Ambientales y Huella Humana,,6d4f228410bc983a308ba9a7f9701ec7,d30bbd19fa77d8470334a259e060006e,eb0a191797624dd3a48fa681d3061212,cca488c1d5d31aa9a4c4356b47f75ebd
4312003,2024-2025,Derechos Fundamentales y Poderes Públicos,,87edd4183922b150708f063941dd6a15,d30bbd19fa77d8470334a259e060006e,eb0a191797624dd3a48fa681d3061212,03b7c4d6f22bd8efa1659d8e6a06d97e
4311629,2024-2025,Desarrollo y Cooperación Internacional,,32d2a4189aaf8c5ecf1ab83152f7ac0c,d30bbd19fa77d8470334a259e060006e,eb0a191797624dd3a48fa681d3061212,3a55b686cea34a8923b6ea395549772e
4316459,2024-2025,Dirección de Proyectos,,da0f59d9cf462530c39a87d664387e50,d30bbd19fa77d8470334a259e060006e,eb0a191797624dd3a48fa681d3061212,3a55b686cea34a8923b6ea395549772e
4311630,2024-2025,Dirección Empresarial desde la Innovación y la Internacionalización,,8051b935f0f5b932cbd5400d88e92ef2,d30bbd19fa77d8470334a259e060006e,eb0a191797624dd3a48fa681d3061212,3a55b686cea34a8923b6ea395549772e
4311631,2024-2025,Dispositivos y Sistemas Fotovoltaicos,,79d212fe97ac7cf488149fa605ef4405,d30bbd19fa77d8470334a259e060006e,eb0a191797624dd3a48fa681d3061212,0957ac6a7296b4e6ef4d4e8d25691025
4310763,2024-2025,Economía: Aplicaciones Empíricas y Políticas /  Master in Economics: Empirical Applications and Policies,,56c3f803e2963e12576a6db91da5aea3,d30bbd19fa77d8470334a259e060006e,eb0a191797624dd3a48fa681d3061212,03b7c4d6f22bd8efa1659d8e6a06d97e
3500541,2024-2025,public economics,https://wikidata.org/entity/Q2248246,0aa3233b27ee1fecd8be16cebee36490,d30bbd19fa77d8470334a259e060006e,eb0a191797624dd3a48fa681d3061212,03b7c4d6f22bd8efa1659d8e6a06d97e
4313429,2024-2025,Economía Social y Solidaria,,9ad41fc72211014dc979a319ea75dcef,d30bbd19fa77d8470334a259e060006e,eb0a191797624dd3a48fa681d3061212,03b7c4d6f22bd8efa1659d8e6a06d97e
4312559,2024-2025,Enología Innovadora,,ca6329f4c3d5c6f3f906c08de0aa7985,d30bbd19fa77d8470334a259e060006e,eb0a191797624dd3a48fa681d3061212,cca488c1d5d31aa9a4c4356b47f75ebd
4311633,2024-2025,Estudios Feministas y de Género,,ed3c0da5f4f30cee4664cbcd30928029,d30bbd19fa77d8470334a259e060006e,eb0a191797624dd3a48fa681d3061212,3a55b686cea34a8923b6ea395549772e
4310243,2024-2025,international relations,https://wikidata.org/entity/Q166542,b32aca36c4a4c21a84d130aac0972cdd,d30bbd19fa77d8470334a259e060006e,eb0a191797624dd3a48fa681d3061212,03b7c4d6f22bd8efa1659d8e6a06d97e
4316629,2024-2025,Fabricación Digital / Master in Digital Manufacturing,,aa5319689b3763cfaf81208f210d86fc,d30bbd19fa77d8470334a259e060006e,eb0a191797624dd3a48fa681d3061212,0957ac6a7296b4e6ef4d4e8d25691025
4311634,2024-2025,"Farmacología, Desarrollo, Evaluación y Utilización Racional de Medicamentos",,4c3592d47e6b3d5309031802564ff9d1,d30bbd19fa77d8470334a259e060006e,eb0a191797624dd3a48fa681d3061212,afc4b5d3b7e78e8fb66cf859c95aaefe
4318444,2024-2025,"Filosofía: Ciencia, Sociedad, Tecnología",,b2087d68d53304df640f9ff80de3d557,d30bbd19fa77d8470334a259e060006e,eb0a191797624dd3a48fa681d3061212,72ceb55b13672d5fdbac7ce07f1e85a8
4311635,2024-2025,Filosofía en un Mundo Global,,527854028a929176722eda746f25cbb3,d30bbd19fa77d8470334a259e060006e,eb0a191797624dd3a48fa681d3061212,72ceb55b13672d5fdbac7ce07f1e85a8
4311638,2024-2025,finance,https://wikidata.org/entity/Q43015,fdc67fb47d2676c3e80282f287c8b3b2,d30bbd19fa77d8470334a259e060006e,eb0a191797624dd3a48fa681d3061212,03b7c4d6f22bd8efa1659d8e6a06d97e
4311844,2024-2025,Master's Degree in Teacher Training,https://wikidata.org/entity/Q97825796,00192746516d6a034ab7a0cdddd11258,d30bbd19fa77d8470334a259e060006e,eb0a191797624dd3a48fa681d3061212,03b7c4d6f22bd8efa1659d8e6a06d97e
4311641,2024-2025,Gestión de los Recursos Humanos y del Empleo,,9a9c446e74885dd60ce4fbea3d0ef3ca,d30bbd19fa77d8470334a259e060006e,eb0a191797624dd3a48fa681d3061212,03b7c4d6f22bd8efa1659d8e6a06d97e
4315276,2024-2025,"Gestión del Paisaje. Patrimonio, Territorio y Ciudad",,567acc0e8dee28aef39b12189820141c,d30bbd19fa77d8470334a259e060006e,eb0a191797624dd3a48fa681d3061212,cca488c1d5d31aa9a4c4356b47f75ebd
4311643,2024-2025,Globalización: Procesos Sociales y Políticas Económicas,,ce2c656221db5a1ceb36ae8569e94a8a,d30bbd19fa77d8470334a259e060006e,eb0a191797624dd3a48fa681d3061212,03b7c4d6f22bd8efa1659d8e6a06d97e
4311642,2024-2025,Globalización y Desarrollo,,9410e9b2c4a971ba3a09ebaebc0fc8bc,d30bbd19fa77d8470334a259e060006e,eb0a191797624dd3a48fa681d3061212,03b7c4d6f22bd8efa1659d8e6a06d97e
4312402,2024-2025,Gobernanza y Estudios Políticos,,856277392e66d7af1b95edecc61f2225,d30bbd19fa77d8470334a259e060006e,eb0a191797624dd3a48fa681d3061212,03b7c4d6f22bd8efa1659d8e6a06d97e
4311644,2024-2025,computational engineering,https://wikidata.org/entity/Q362601,a353f91bab8c30369e726c4ce58fbc8d,d30bbd19fa77d8470334a259e060006e,eb0a191797624dd3a48fa681d3061212,0957ac6a7296b4e6ef4d4e8d25691025
4311645,2024-2025,robotics,https://wikidata.org/entity/Q170978,b4b7f6ebb7890b4fed3374ad40e30d87,d30bbd19fa77d8470334a259e060006e,eb0a191797624dd3a48fa681d3061212,0957ac6a7296b4e6ef4d4e8d25691025
3500557,2024-2025,Ingeniería de Energía Sostenible,,2026c155c917b08ed986e76fc425e517,d30bbd19fa77d8470334a259e060006e,eb0a191797624dd3a48fa681d3061212,0957ac6a7296b4e6ef4d4e8d25691025
3500647,2024-2025,Ingeniería de Infraestructuras y Construcción Sostenibles,,c3872e92c5671c87d6a1985bb17e3b25,d30bbd19fa77d8470334a259e060006e,eb0a191797624dd3a48fa681d3061212,0957ac6a7296b4e6ef4d4e8d25691025
4312405,2024-2025,architectural engineering,https://wikidata.org/entity/Q150737,26b951974ac184fb7ec85f11df21dc28,d30bbd19fa77d8470334a259e060006e,eb0a191797624dd3a48fa681d3061212,0957ac6a7296b4e6ef4d4e8d25691025
4311646,2024-2025,Ingeniería de Materiales Avanzados,,e3783b5fdae6838c279558ff6cbc4dc5,d30bbd19fa77d8470334a259e060006e,eb0a191797624dd3a48fa681d3061212,0957ac6a7296b4e6ef4d4e8d25691025
4311647,2024-2025,Ingeniería de Materiales Renovables,,4d7815c9cb7e1f65e327141ed6ae0c75,d30bbd19fa77d8470334a259e060006e,eb0a191797624dd3a48fa681d3061212,0957ac6a7296b4e6ef4d4e8d25691025
4311649,2024-2025,Ingeniería de Sistemas Empotrados,,04ab53e866ba9b806eff830c102740a8,d30bbd19fa77d8470334a259e060006e,eb0a191797624dd3a48fa681d3061212,0957ac6a7296b4e6ef4d4e8d25691025
4313511,2024-2025,telecommunications engineering,https://wikidata.org/entity/Q1061219,9f4532e80337e1cec62c5ba1d45bb5de,d30bbd19fa77d8470334a259e060006e,eb0a191797624dd3a48fa681d3061212,0957ac6a7296b4e6ef4d4e8d25691025
4315252,2024-2025,industrial engineering and management,https://wikidata.org/entity/Q6314146,10c7b0d74c77871c97751dffb041c0a0,d30bbd19fa77d8470334a259e060006e,eb0a191797624dd3a48fa681d3061212,0957ac6a7296b4e6ef4d4e8d25691025
4311650,2024-2025,Ingeniería Energética Sostenible,,dd65cc3bb83489df6d5a672b8010e656,d30bbd19fa77d8470334a259e060006e,eb0a191797624dd3a48fa681d3061212,0957ac6a7296b4e6ef4d4e8d25691025
4313030,2024-2025,engineering physics,https://wikidata.org/entity/Q770766,e4ca805eaceeece9650daf832ea32da6,d30bbd19fa77d8470334a259e060006e,eb0a191797624dd3a48fa681d3061212,cca488c1d5d31aa9a4c4356b47f75ebd
4313509,2024-2025,industrial engineering,https://wikidata.org/entity/Q4489420,a7f457683dea266339d41734cac210da,d30bbd19fa77d8470334a259e060006e,eb0a191797624dd3a48fa681d3061212,0957ac6a7296b4e6ef4d4e8d25691025
4314553,2024-2025,computer engineering,https://wikidata.org/entity/Q428691,df7174838e35da81ed155c81908c1a5b,d30bbd19fa77d8470334a259e060006e,eb0a191797624dd3a48fa681d3061212,0957ac6a7296b4e6ef4d4e8d25691025
4314538,2024-2025,mechanical engineering,https://wikidata.org/entity/Q101333,cadc8485ba5769ecc69bc32933985352,d30bbd19fa77d8470334a259e060006e,eb0a191797624dd3a48fa681d3061212,0957ac6a7296b4e6ef4d4e8d25691025
4311653,2024-2025,Integración de las Energías Renovables en el Sistema Eléctrico,,ebb98b04cddeb83044cb117bc131c18a,d30bbd19fa77d8470334a259e060006e,eb0a191797624dd3a48fa681d3061212,0957ac6a7296b4e6ef4d4e8d25691025
4311654,2024-2025,Integración Económica,,8b09b51532a85b46efcced46973536f2,d30bbd19fa77d8470334a259e060006e,eb0a191797624dd3a48fa681d3061212,03b7c4d6f22bd8efa1659d8e6a06d97e
4311655,2024-2025,Integración Política y Unión Económica en la Unión Europea,,56f9ff218a873ba2ac68dee4c2922a20,d30bbd19fa77d8470334a259e060006e,eb0a191797624dd3a48fa681d3061212,03b7c4d6f22bd8efa1659d8e6a06d97e
3500052,2024-2025,Inteligencia Artificial Aplicada a la Industria e Ingeniería Asistida por Ordenador,,0c9bc34cd2d43cc6abd6fbca7387eb9b,d30bbd19fa77d8470334a259e060006e,eb0a191797624dd3a48fa681d3061212,0957ac6a7296b4e6ef4d4e8d25691025
4315729,2024-2025,Internacional en Sociología Jurídica / International Master in Sociology of Law,,c2f8e58fcb216a6139f4b2dbb28e8ca1,d30bbd19fa77d8470334a259e060006e,eb0a191797624dd3a48fa681d3061212,03b7c4d6f22bd8efa1659d8e6a06d97e
4312398,2024-2025,Investigación Biomédica,,7ffbaf7c97710629e93801ba4f8a390d,d30bbd19fa77d8470334a259e060006e,eb0a191797624dd3a48fa681d3061212,afc4b5d3b7e78e8fb66cf859c95aaefe
4313036,2024-2025,Investigación en Ámbitos Socioeducativos,,2275bba8c59bd07d9a9a2e9421573247,d30bbd19fa77d8470334a259e060006e,eb0a191797624dd3a48fa681d3061212,03b7c4d6f22bd8efa1659d8e6a06d97e
3500547,2024-2025,Investigación en Comunicación,,63f4d76c674402d2013545133c1d0be4,d30bbd19fa77d8470334a259e060006e,eb0a191797624dd3a48fa681d3061212,03b7c4d6f22bd8efa1659d8e6a06d97e
4311656,2024-2025,"Investigación en Eficiencia Energética y Sostenibilidad en Industria, Transporte, Edificación y Urbanismo",,747d28686dc1becb5d93b17360a7c84a,d30bbd19fa77d8470334a259e060006e,eb0a191797624dd3a48fa681d3061212,0957ac6a7296b4e6ef4d4e8d25691025
4312002,2024-2025,Investigación y Creación en Arte,,7f41dab2be89bbce50fb837cfade09ac,d30bbd19fa77d8470334a259e060006e,eb0a191797624dd3a48fa681d3061212,72ceb55b13672d5fdbac7ce07f1e85a8
4312030,2024-2025,linguistics,https://wikidata.org/entity/Q8162,9257175bb650b83bab1e88b5de7addda,d30bbd19fa77d8470334a259e060006e,eb0a191797624dd3a48fa681d3061212,72ceb55b13672d5fdbac7ce07f1e85a8
4316152,2024-2025,Lingüística Teórica y Experimental,,89d7408a0e67da6bbfc75c7e18b2ff68,d30bbd19fa77d8470334a259e060006e,eb0a191797624dd3a48fa681d3061212,72ceb55b13672d5fdbac7ce07f1e85a8
4310444,2024-2025,Lingüística y Filología Vasca,,3ad1050de89a9e6c937556de138bf11a,d30bbd19fa77d8470334a259e060006e,eb0a191797624dd3a48fa681d3061212,72ceb55b13672d5fdbac7ce07f1e85a8
4315754,2024-2025,Lingüística y Filología Vascas / Euskal Hizkuntzalaritza eta Filologia,,76064f587d0e0bf3f69aeadffbc40a1b,d30bbd19fa77d8470334a259e060006e,eb0a191797624dd3a48fa681d3061212,72ceb55b13672d5fdbac7ce07f1e85a8
4311657,2024-2025,Literatura Comparada y Estudios Literarios,,323be851e5c067acbf4ebd91d95539a8,d30bbd19fa77d8470334a259e060006e,eb0a191797624dd3a48fa681d3061212,72ceb55b13672d5fdbac7ce07f1e85a8
4314589,2024-2025,Marina,,bc034d120e171db5c2a952cf437bddd0,d30bbd19fa77d8470334a259e060006e,eb0a191797624dd3a48fa681d3061212,0957ac6a7296b4e6ef4d4e8d25691025
4312399,2024-2025,microbiology,https://wikidata.org/entity/Q7193,295509d4753d440a01ea8e6bebf5bd62,d30bbd19fa77d8470334a259e060006e,eb0a191797624dd3a48fa681d3061212,afc4b5d3b7e78e8fb66cf859c95aaefe
4315760,2024-2025,mining,https://wikidata.org/entity/Q44497,f3b0fe5f51d37b94301429eb065d9681,d30bbd19fa77d8470334a259e060006e,eb0a191797624dd3a48fa681d3061212,0957ac6a7296b4e6ef4d4e8d25691025
4311659,2024-2025,Modelos y Áreas de Investigación en Ciencias Sociales,,2ef6b13cae8d5bb183d8b944f753c5fe,d30bbd19fa77d8470334a259e060006e,eb0a191797624dd3a48fa681d3061212,3a55b686cea34a8923b6ea395549772e
4313001,2024-2025,Mundo Clásico,,2b7d77e27a7ccf0b9a248f5497e493e2,d30bbd19fa77d8470334a259e060006e,eb0a191797624dd3a48fa681d3061212,3a55b686cea34a8923b6ea395549772e
4312561,2024-2025,Nacionalismo en El Siglo XXI:  El Caso Vasco,,4bcdb2ca9797c6b1102de51f0cb5ea61,d30bbd19fa77d8470334a259e060006e,eb0a191797624dd3a48fa681d3061212,72ceb55b13672d5fdbac7ce07f1e85a8
4311660,2024-2025,Nanociencia / Master in Nanoscience,,bcf15c489b4eb9050ac36632960c6fca,d30bbd19fa77d8470334a259e060006e,eb0a191797624dd3a48fa681d3061212,cca488c1d5d31aa9a4c4356b47f75ebd
4314613,2024-2025,Náutica y Transporte Marítimo,,61e4d86ee43da0ef0fc46dc9a2b1ea98,d30bbd19fa77d8470334a259e060006e,eb0a191797624dd3a48fa681d3061212,3a55b686cea34a8923b6ea395549772e
4313000,2024-2025,Neurociencia Cognitiva del Lenguaje / Master in Cognitive Neuroscience of Language,,299596aa6a34e5562bfd6208305cb928,d30bbd19fa77d8470334a259e060006e,eb0a191797624dd3a48fa681d3061212,03b7c4d6f22bd8efa1659d8e6a06d97e
4310254,2024-2025,neuroscience,https://wikidata.org/entity/Q207011,a92212e9a95002c966c1ea69c0ec2f2f,d30bbd19fa77d8470334a259e060006e,eb0a191797624dd3a48fa681d3061212,afc4b5d3b7e78e8fb66cf859c95aaefe
4311662,2024-2025,Nutrición y Salud,,d2513dd6d29ee6142aaaec448c196c8f,d30bbd19fa77d8470334a259e060006e,eb0a191797624dd3a48fa681d3061212,afc4b5d3b7e78e8fb66cf859c95aaefe
3500389,2024-2025,"Paisajes Culturales: Protección, Gestión y Planeamiento",,0dbc664f9fe6e53e3a5c0ffeb64b4b4d,d30bbd19fa77d8470334a259e060006e,eb0a191797624dd3a48fa681d3061212,0957ac6a7296b4e6ef4d4e8d25691025
4311663,2024-2025,Participación y Desarrollo Comunitario,,4ff15bb468881619e5ec086e9e1e3454,d30bbd19fa77d8470334a259e060006e,eb0a191797624dd3a48fa681d3061212,03b7c4d6f22bd8efa1659d8e6a06d97e
4312674,2024-2025,multimedia journalism,https://wikidata.org/entity/Q30671941,26a0a07e66005d6baacaff7a2bceded0,d30bbd19fa77d8470334a259e060006e,eb0a191797624dd3a48fa681d3061212,03b7c4d6f22bd8efa1659d8e6a06d97e
4313948,2024-2025,Pintura,,c6ed579d25fff18e42050e4c76fe851f,d30bbd19fa77d8470334a259e060006e,eb0a191797624dd3a48fa681d3061212,72ceb55b13672d5fdbac7ce07f1e85a8
4313434,2024-2025,Políticas Lingüísticas y Planificación,,f9a4f93a415b578d910f157243b0dcb0,d30bbd19fa77d8470334a259e060006e,eb0a191797624dd3a48fa681d3061212,03b7c4d6f22bd8efa1659d8e6a06d97e
4311664,2024-2025,Psicodidáctica: Psicología de la Educación y Didácticas Específicas,,49de86d2ca8a05256f66ce07d984b1b8,d30bbd19fa77d8470334a259e060006e,eb0a191797624dd3a48fa681d3061212,03b7c4d6f22bd8efa1659d8e6a06d97e
4312403,2024-2025,Psicología de las Organizaciones e Intervención Psicosocial,,b5b5cbbf8c640a2ab05d82c2144b6dd9,d30bbd19fa77d8470334a259e060006e,eb0a191797624dd3a48fa681d3061212,afc4b5d3b7e78e8fb66cf859c95aaefe
4314477,2024-2025,health psychology,https://wikidata.org/entity/Q1403186,da1cd9d25e7ed3b8df76cd478e375ed6,d30bbd19fa77d8470334a259e060006e,eb0a191797624dd3a48fa681d3061212,afc4b5d3b7e78e8fb66cf859c95aaefe
4311665,2024-2025,"Psicología: Individuo, Grupo, Organización y Cultura",,93c60cafd93fce4ab0409486f7bc51c3,d30bbd19fa77d8470334a259e060006e,eb0a191797624dd3a48fa681d3061212,afc4b5d3b7e78e8fb66cf859c95aaefe
4314560,2024-2025,polymer chemistry,https://wikidata.org/entity/Q750446,757fbbe387788e17815538ca2cae8d3d,d30bbd19fa77d8470334a259e060006e,eb0a191797624dd3a48fa681d3061212,cca488c1d5d31aa9a4c4356b47f75ebd
4314726,2024-2025,"Rehabilitación, Restauración y Gestión Integral del Patrimonio Construido y de las Construcciones Existentes",,0de200e19cbfff6c315ff515432c2aed,d30bbd19fa77d8470334a259e060006e,eb0a191797624dd3a48fa681d3061212,0957ac6a7296b4e6ef4d4e8d25691025
4312400,2024-2025,public health,https://wikidata.org/entity/Q189603,6c4528b070467aabb1d6c57e38eb51f8,d30bbd19fa77d8470334a259e060006e,eb0a191797624dd3a48fa681d3061212,afc4b5d3b7e78e8fb66cf859c95aaefe
4311668,2024-2025,occupational health and safety,https://wikidata.org/entity/Q629029,208c38e1a460777e8b097b348a3915e8,d30bbd19fa77d8470334a259e060006e,eb0a191797624dd3a48fa681d3061212,03b7c4d6f22bd8efa1659d8e6a06d97e
4312959,2024-2025,Sistemas de Transporte,,e2e0a142979401b3d79452a0e7ccb3e6,d30bbd19fa77d8470334a259e060006e,eb0a191797624dd3a48fa681d3061212,0957ac6a7296b4e6ef4d4e8d25691025
4311673,2024-2025,Sistemas Electrónicos Avanzados,,fac361998b6d92eb168539dedf860c94,d30bbd19fa77d8470334a259e060006e,eb0a191797624dd3a48fa681d3061212,0957ac6a7296b4e6ef4d4e8d25691025
4311674,2024-2025,Sistemas Informáticos Avanzados,,df75d960cc3c5722b271b4d1f518a978,d30bbd19fa77d8470334a259e060006e,eb0a191797624dd3a48fa681d3061212,0957ac6a7296b4e6ef4d4e8d25691025
4316848,2024-2025,Soberanía en los Pueblos de Europa / Subiranotasuna Europako Herrietan,,87dff4529ba535d936c2f2c94d493888,d30bbd19fa77d8470334a259e060006e,eb0a191797624dd3a48fa681d3061212,03b7c4d6f22bd8efa1659d8e6a06d97e
4312104,2024-2025,Sociedad Democrática Estado y Derecho,,d4768fc046bfe492aed86f3f8447fb60,d30bbd19fa77d8470334a259e060006e,eb0a191797624dd3a48fa681d3061212,03b7c4d6f22bd8efa1659d8e6a06d97e
4312404,2024-2025,technology education,https://wikidata.org/entity/Q750986,29d706557749bec2a7497daa5e372944,d30bbd19fa77d8470334a259e060006e,eb0a191797624dd3a48fa681d3061212,03b7c4d6f22bd8efa1659d8e6a06d97e
4311675,2024-2025,Tecnología de Apoyo a la Autonomía Personal,,0b2cd2f25597b9d1cf09ced0de65280a,d30bbd19fa77d8470334a259e060006e,eb0a191797624dd3a48fa681d3061212,0957ac6a7296b4e6ef4d4e8d25691025
3500612,2024-2025,Tecnologías Avanzadas en la Industria,,825273a8bc0a5399b9bb8dd7e15cce56,d30bbd19fa77d8470334a259e060006e,eb0a191797624dd3a48fa681d3061212,0957ac6a7296b4e6ef4d4e8d25691025
